optimizer,steps,final_loss,best_loss,avg_tokens_per_second,avg_samples_per_second,peak_ram_gb,avg_ram_gb,training_time_sec
sophia,500,2.56878399848938,2.4157307147979736,7274.942578016588,0,4.6,4.1,1191.8
adamw,500,2.6439311504364014,2.5000698566436768,5564.5135551450985,0,4.6,4.1,1495.9
lion,500,3.1554746627807617,2.986889362335205,8209.377624437406,0,4.6,4.1,1006.4
muon,500,3.5002317428588867,3.2438039779663086,5393.964159409193,0,4.6,4.1,1538.0
