optimizer,steps,final_loss,best_loss,avg_tokens_per_second,avg_samples_per_second,peak_ram_gb,avg_ram_gb,training_time_sec
sophia,15,4.1592698097229,4.1592698097229,728.3154708194847,0,4.88,4.4,345.5
adamw,15,4.312209129333496,4.312209129333496,490.59389080506804,0,5.55,5.0,510.4
lion,15,4.762615203857422,4.762615203857422,759.7901576967912,0,4.58,4.1,332.6
muon,15,5.551910400390625,5.551910400390625,722.7779516560463,0,5.5,5.0,349.4
