optimizer,steps,final_loss,best_loss,avg_tokens_per_second,avg_samples_per_second,peak_ram_gb,avg_ram_gb,training_time_sec
sophia,30,5.435450553894043,5.379719257354736,8441.0441711539,0,4.6,4.1,59.4
adamw,30,5.520863056182861,5.467158317565918,8319.021738040425,0,4.6,4.1,60.2
lion,30,5.978944301605225,5.922993183135986,8067.334369285605,0,4.6,4.1,61.8
muon,30,6.1148905754089355,6.071381092071533,7802.924179331959,0,4.6,4.1,64.0
